-- Data for Name: auth_group; Type: TABLE DATA; Schema: public; Owner: postgres
--

COPY public.auth_group (id, name) FROM stdin;
1	Admins
2	Users
3	Editors
\.


-- Data for Name: auth_group_permissions; Type: TABLE DATA; Schema: public; Owner: postgres
--

COPY public.auth_group_permissions (id, group_id, permission_id) FROM stdin;
1	1	1
2	2	2
3	3	3
\.


-- Data for Name: auth_permission; Type: TABLE DATA; Schema: public; Owner: postgres
--

COPY public.auth_permission (id, name, content_type_id, codename) FROM stdin;
1	Can add group	1	add_group
2	Can change user	2	change_user
3	Can delete post	3	delete_post
\.


-- Data for Name: auth_user; Type: TABLE DATA; Schema: public; Owner: postgres
--

COPY public.auth_user (id, password, last_login, is_superuser, username, first_name, last_name, email, is_staff, is_active, date_joined) FROM stdin;
1	password123	2024-02-22 12:30:00	TRUE	admin	administrator	admin	admin@example.com	TRUE	TRUE	2024-02-22 12:30:00
2	secret456	2024-02-22 12:45:00	FALSE	user	John	Doe	john@example.com	FALSE	TRUE	2024-02-22 12:45:00
3	pass789	2024-02-22 13:00:00	FALSE	editor	Jane	Doe	jane@example.com	FALSE	TRUE	2024-02-22 13:00:00
\.


-- Data for Name: auth_user_groups; Type: TABLE DATA; Schema: public; Owner: postgres
--

COPY public.auth_user_groups (id, user_id, group_id) FROM stdin;
1	1	1
2	2	2
3	3	3
\.


-- Data for Name: auth_user_user_permissions; Type: TABLE DATA; Schema: public; Owner: postgres
--

COPY public.auth_user_user_permissions (id, user_id, permission_id) FROM stdin;
1	1	1
2	2	2
3	3	3
\.


-- Data for Name: django_admin_log; Type: TABLE DATA; Schema: public; Owner: postgres
--

COPY public.django_admin_log (id, action_time, object_id, object_repr, action_flag, change_message, content_type_id, user_id) FROM stdin;
1	2024-02-22 13:30:00	NULL	User added	1	New user added	1	1
2	2024-02-22 14:00:00	NULL	Password changed	2	Password updated	2	2
3	2024-02-22 14:30:00	NULL	Post deleted	3	Post removed	3	3
\.


-- Data for Name: django_content_type; Type: TABLE DATA; Schema: public; Owner: postgres
--

COPY public.django_content_type (id, app_label, model) FROM stdin;
1	auth	group
2	auth	user
3	blog	post
\.


-- Data for Name: stations_bicis; Type: TABLE DATA; Schema: public; Owner: postgres
--

COPY public.stations_bicis (id, slug, name, status) FROM stdin;
1	bici-1	Bici 1	Disponible
2	bici-2	Bici 2	En uso
3	bici-3	Bici 3	Disponible
\.


-- Data for Name: stations_slot; Type: TABLE DATA; Schema: public; Owner: postgres
--

COPY public.stations_slot (id, stations_id, bici_id, status, slot_number) FROM stdin;
1	1	1	Disponible	1
2	2	2	En uso	2
3	3	\N	Disponible	3
\.


-- Data for Name: stations_stations; Type: TABLE DATA; Schema: public; Owner: postgres
--

COPY public.stations_stations (id, slug, name, direction, location, img) FROM stdin;
1	station-1	Estación 1	Dirección 1	Ubicación 1	imagen-1.jpg
2	station-2	Estación 2	Dirección 2	Ubicación 2	imagen-2.jpg
3	station-3	Estación 3	Dirección 3	Ubicación 3	imagen-3.jpg
\.
